{
	"info": {
		"_postman_id": "93637b87-db00-48c3-87fd-7fa90452cd0d",
		"name": "wish",
		"schema": "https://schema.getpostman.com/json/collection/v2.1.0/collection.json",
		"_exporter_id": "18726832",
		"_collection_link": "https://grey-moon-513621.postman.co/workspace/Projecty(salim)~0d27d651-0ec7-4b20-94e6-f8dc6f8a5c0f/collection/18726832-93637b87-db00-48c3-87fd-7fa90452cd0d?action=share&creator=18726832&source=collection_link"
	},
	"item": [
		{
			"name": "Auth",
			"item": [
				{
					"name": "Login",
					"request": {
						"auth": {
							"type": "noauth"
						},
						"method": "POST",
						"header": [
							{
								"key": "Accept",
								"value": "application/json",
								"type": "text"
							}
						],
						"body": {
							"mode": "formdata",
							"formdata": [
								{
									"key": "email",
									"value": "ashkan@gmail.com",
									"type": "text"
								},
								{
									"key": "password",
									"value": "12341234",
									"type": "text"
								}
							]
						},
						"url": {
							"raw": "192.168.1.4:8000/api/v1/login",
							"host": [
								"192",
								"168",
								"1",
								"4"
							],
							"port": "8000",
							"path": [
								"api",
								"v1",
								"login"
							]
						}
					},
					"response": []
				},
				{
					"name": "Logout",
					"request": {
						"auth": {
							"type": "bearer",
							"bearer": [
								{
									"key": "token",
									"value": "4|tzgArjMJNuOlilcuCVc3ZvXNCWn3m2MKeiei6FlXfe76e745",
									"type": "string"
								}
							]
						},
						"method": "DELETE",
						"header": [
							{
								"key": "Accept",
								"value": "application/json",
								"type": "text"
							}
						],
						"body": {
							"mode": "formdata",
							"formdata": []
						},
						"url": {
							"raw": "http://192.168.1.4:8000/api/v1/logout",
							"protocol": "http",
							"host": [
								"192",
								"168",
								"1",
								"4"
							],
							"port": "8000",
							"path": [
								"api",
								"v1",
								"logout"
							]
						}
					},
					"response": []
				},
				{
					"name": "Register",
					"request": {
						"method": "POST",
						"header": [
							{
								"key": "Accept",
								"value": "application/json",
								"type": "text"
							}
						],
						"body": {
							"mode": "formdata",
							"formdata": [
								{
									"key": "name",
									"value": "ashkan",
									"type": "text"
								},
								{
									"key": "email",
									"value": "ashkan@gmail.com",
									"type": "text"
								},
								{
									"key": "password",
									"value": "12341234",
									"type": "text"
								},
								{
									"key": "phone",
									"value": "09185234506",
									"type": "text"
								},
								{
									"key": "role",
									"value": "Company",
									"description": "Admin\nCompany\nClient\nFilmMaker",
									"type": "text"
								},
								{
									"key": "lastname",
									"value": "yaghoobi",
									"type": "text"
								},
								{
									"key": "companycode",
									"value": "12345678",
									"type": "text"
								},
								{
									"key": "companyname",
									"value": "dasda",
									"type": "text"
								}
							]
						},
						"url": {
							"raw": "192.168.1.4:8000/api/v1/register",
							"host": [
								"192",
								"168",
								"1",
								"4"
							],
							"port": "8000",
							"path": [
								"api",
								"v1",
								"register"
							]
						}
					},
					"response": []
				},
				{
					"name": "GetUserData",
					"request": {
						"auth": {
							"type": "bearer",
							"bearer": [
								{
									"key": "token",
									"value": "16|woHIklkQ1CNRMBUvIC5AMPKsag1fsReXu0mbus048f5c761a",
									"type": "string"
								}
							]
						},
						"method": "GET",
						"header": [
							{
								"key": "Accept",
								"value": "application/json",
								"type": "text"
							}
						],
						"url": {
							"raw": "http://192.168.1.4:8000/api/v1/user",
							"protocol": "http",
							"host": [
								"192",
								"168",
								"1",
								"4"
							],
							"port": "8000",
							"path": [
								"api",
								"v1",
								"user"
							]
						}
					},
					"response": []
				}
			]
		},
		{
			"name": "Admin",
			"item": [
				{
					"name": "GetUsers",
					"request": {
						"auth": {
							"type": "bearer",
							"bearer": [
								{
									"key": "token",
									"value": "4|tzgArjMJNuOlilcuCVc3ZvXNCWn3m2MKeiei6FlXfe76e745",
									"type": "string"
								}
							]
						},
						"method": "GET",
						"header": [],
						"url": {
							"raw": "192.168.1.4:8000/api/v1/admin/getusers",
							"host": [
								"192",
								"168",
								"1",
								"4"
							],
							"port": "8000",
							"path": [
								"api",
								"v1",
								"admin",
								"getusers"
							]
						}
					},
					"response": []
				}
			]
		}
	]
}